ID,Community Name,Category,Meeting Cadence,Typical Venue / Area,Est Members,Current Platform,Primary Pain Point,Status,Personalized Hook / Pitch Angle
1,Tunbridge Wells Harriers (Beginners & Social),Running,2x Weekly,St John's Sports Centre / Dunorlan Park,150,Club Site + WhatsApp,Group chats flooded; newcomers lost,Identified,"Clean microsite with pace group tags and automated reminder pings"
2,Dunorlan Parkrun Community,Running / Volunteering,Saturdays 9am,Dunorlan Park Pembury Rd,400,Parkrun UK / Facebook,Hard to coordinate social mid-week coffee meetups,Identified,"Dedicated social hub for Dunorlan runners to organize mid-week jogs and coffee"
3,TW Social Run Club / Morning Miles,Running,Weekly mornings,The Pantiles / Calverley Grounds,60,Instagram / WhatsApp,Leader manually counts hands in WhatsApp for coffee tables,Identified,"Automated RSVP caps so you always know exact headcounts for coffee tables"
4,More Shades of Golden (Dog Owners),Pets & Walking,Fortnightly,Heathfield / Broadwater Warren,45,Facebook Group / WhatsApp,Facebook algorithm hides event posts from members,Identified,"Permanent group microsite with zero algorithm interference"
5,TW Paws & Pints,Pets & Social,Monthly Sundays,The Sussex Arms / Pantiles pubs,35,Instagram,Venues demand advance headcounts for dog-friendly areas,Identified,"Instant RSVP list with attendee and pet counts so pubs reserve the right space"
6,High Weald Ramblers & Walkers,Walking & Hiking,Weekly,Eridge Rocks / Ashdown Forest,90,Printed Schedule / Email,Elderly committee overwhelmed by manual phone rosters,Identified,"Modern walk itineraries with interactive meeting point maps & social prescribing"
7,Mindful Miles Walking Club,Walking & Wellbeing,Weekly,TW Common / Rusthall,50,WhatsApp,Anxious newcomers intimidated by massive noisy chats,Identified,"Safe, clear community guidelines and structured RSVPs so newcomers feel safe"
8,TW Buggy & Stroller Walks,Mums & Parents,Tuesdays,Dunorlan Park / Grosvenor & Hilbert,70,WhatsApp / Word-of-mouth,Chat flooded with baby advice; dates get buried,Identified,"Separate meetup dates from daily chats. Step-free route notes and simple RSVPs"
9,Saturday Dads & Toddlers TW,Dads & Kids,Fortnightly,Calverley Adventure Grounds / Trinity,35,WhatsApp,High drop-offs and passive chat participants,Identified,"1-tap RSVP and automated Friday afternoon reminder pushes"
10,Dunorlan Calisthenics & Movement,Fitness,2x Weekly,Dunorlan Park Outdoor Gym,25,Instagram DMs,Coach spends hours managing weather cancellations in DMs,Identified,"Broadcast weather updates and session times to all members in one tap"
11,Saturday Morning Park Yoga,Yoga & Wellness,Weekly (Summer),Calverley Grounds,40,Eventbrite / Instagram,Eventbrite charges high ticketing fees on community classes,Identified,"100% free hosting. Keep 100% of ticket proceeds or keep it free with zero cuts"
12,Bewl Water Wild Swimming Dippers,Wild Swimming,Weekends,Bewl Water / River Medway,80,WhatsApp / Private FB,Disclaimers and safety briefings hard to enforce,Identified,"Built-in community guidelines & safety disclaimers that members accept"
13,TW Pottery & Clay Circle,Craft & Making,Fortnightly,The Camden Centre / Studios,30,Email / Instagram,Limited studio seating (max 12 spots); waitlist chaos,Identified,"Strict attendee limits with automatic waitlists when someone drops out"
14,Life Drawing TW,Art & Creativity,Monthly,Trinity Theatre / The Forum,45,Eventbrite,Booking fees drive up ticket prices for hobbyists,Identified,"Clean event booking links with no attendee transaction markups"
15,The Pantiles Book Club,Culture & Books,Monthly,The Pantiles Cafe / Hotel Du Vin,25,WhatsApp,Endless book voting polls in chat; low turnout,Identified,"Dedicated discussion channels with past and upcoming reading lists pinned"
16,TW Tabletop & Board Game Guild,Games & Hobbies,Every Wednesday,The Royal Oak / Fuggles Beer Cafe,50,Meetup.com,Host paying £180+/yr out of pocket to Meetup.com,Identified,"Save £200+ a year immediately. 100% free forever for hosts"
17,YENTW (Young Entrepreneurs Network),Business & Founders,Monthly,The Finance Hub / Co-working,120,LinkedIn + Eventbrite,Fragmented between professional networking and friendships,Identified,"Stylish microsite with leader badges, sponsor banners, and co-leadership"
18,TW Freelance & Remote Co-workers,Co-Working & Coffee,Thursdays,The Cake Shed / Even Flow,40,Slack / WhatsApp,Paid Slack workspace; people forget which cafe,Identified,"Single shared calendar with location pins for coffee shop workdays"
19,The Proper Blokes Club / Walk & Talk,Men's Wellbeing,Weekly,TW Station to Common Walk,35,Instagram / Word-of-mouth,Men hesitate to join medical-sounding groups,Identified,"Approachable, stigma-free community home emphasizing fresh air and peer chat"
20,TW Climate & Eco Repair Cafe,Sustainability,Monthly,Trinity Theatre / St Peter's Hall,65,Facebook / Local Press,Attendees arrive without RSVPing, overwhelming volunteers,Identified,"Structured RSVP capacity so repair volunteers know repair categories in advance"
21,TW Photography Walkers,Photography,Bi-weekly,Historic Pantiles / High Weald,30,Flickr / WhatsApp,WhatsApp compresses photos; recap sharing is messy,Identified,"Rich community feed where members share high-res photo recaps"
22,Tunbridge Wells Cycling Club (Social),Cycling,Sunday Mornings,Groombridge Hill / Penshurst Place,75,Strava Club + WhatsApp,GPX routes get lost in WhatsApp; no beginner hub,Identified,"Central event page with route description, cafe stops, and pace guidelines"
23,West Kent Netball & Social Sports,Sports,Weekly,St John's Sports Centre,40,Spond / WhatsApp,Spond app cluttered with ads and clunky features,Identified,"Clean, ad-free mobile interface focused on headcounts and check-ins"
24,Tunbridge Wells Good Neighbours,Civic & Volunteering,Ongoing,Across Tunbridge Wells,80,Email Newsletter,Hard to attract younger local volunteers,Identified,"Modern microsite showcasing active volunteer projects in 1 click"
25,High Weald Trail Runners,Trail Running,Sunday Mornings,Ashdown Forest / Frant,40,Strava / Instagram,Trailheads change weekly; runners go to wrong car park,Identified,"Interactive location picker pins exact meeting coordinates and parking tips"
